variant_id,variant_label,workload,table,client_ms,row_count,query_id
A_standard,Standard,W1_point,BENCH_MATRIX_STD,2766.8940000003204,1,01c4c33d-0109-2d46-0024-4d4b0116568e
A_standard,Standard,W1_point,BENCH_MATRIX_STD,588.5674169985577,1,01c4c33d-0109-30c1-0024-4d4b0116a212
A_standard,Standard,W1_point,BENCH_MATRIX_STD,2899.625166959595,1,01c4c33d-0109-3060-0024-4d4b01163662
A_standard,Standard,W1_point,BENCH_MATRIX_STD,3285.1788330008276,1,01c4c33d-0109-2f01-0024-4d4b0116b046
A_standard,Standard,W1_point,BENCH_MATRIX_STD,1896.4531249948777,1,01c4c33d-0109-3060-0024-4d4b01163666
A_standard,Standard,W1_point,BENCH_MATRIX_STD,2244.9166669975966,1,01c4c33d-0109-2d46-0024-4d4b01165692
A_standard,Standard,W1_point,BENCH_MATRIX_STD,2247.898207977414,1,01c4c33d-0109-2d46-0024-4d4b01165696
A_standard,Standard,W1_point,BENCH_MATRIX_STD,610.059792001266,1,01c4c33d-0109-2ecf-0024-4d4b0115d766
A_standard,Standard,W1_point,BENCH_MATRIX_STD,2822.4535419722088,1,01c4c33d-0109-30c1-0024-4d4b0116a216
A_standard,Standard,W1_point,BENCH_MATRIX_STD,3078.1749580055475,1,01c4c33e-0109-2ecf-0024-4d4b0115d76a
A_standard,Standard,W1_point,BENCH_MATRIX_STD,2878.151834011078,1,01c4c33e-0109-2d46-0024-4d4b0116569a
A_standard,Standard,W1_point,BENCH_MATRIX_STD,1957.473416987341,1,01c4c33e-0109-2ecf-0024-4d4b0115d76e
A_standard,Standard,W1_point,BENCH_MATRIX_STD,1973.642209020909,1,01c4c33e-0109-2b76-0024-4d4b01169ef6
A_standard,Standard,W1_point,BENCH_MATRIX_STD,2694.2646670504473,1,01c4c33e-0109-2ecf-0024-4d4b0115d772
A_standard,Standard,W1_point,BENCH_MATRIX_STD,2851.5962079982273,1,01c4c33e-0109-2b76-0024-4d4b01169efa
A_standard,Standard,W1_point,BENCH_MATRIX_STD,2251.0529170394875,1,01c4c33e-0109-2f01-0024-4d4b0116b0a2
A_standard,Standard,W1_point,BENCH_MATRIX_STD,2899.28825001698,1,01c4c33e-0109-2b76-0024-4d4b01169efe
A_standard,Standard,W1_point,BENCH_MATRIX_STD,2910.4356659809127,1,01c4c33e-0109-2ecf-0024-4d4b0115d776
A_standard,Standard,W1_point,BENCH_MATRIX_STD,2618.7464999966323,1,01c4c33e-0109-2d46-0024-4d4b011656a2
A_standard,Standard,W1_point,BENCH_MATRIX_STD,2437.2275420464575,1,01c4c33e-0109-2f01-0024-4d4b0116b0a6
A_standard,Standard,W1_point,BENCH_MATRIX_STD,2338.340167014394,1,01c4c33e-0109-3060-0024-4d4b01163676
A_standard,Standard,W1_point,BENCH_MATRIX_STD,1914.9834589916281,1,01c4c33e-0109-2f01-0024-4d4b0116b0aa
A_standard,Standard,W1_point,BENCH_MATRIX_STD,2248.8158339983784,1,01c4c33e-0109-2f01-0024-4d4b0116b0ae
A_standard,Standard,W1_point,BENCH_MATRIX_STD,2914.8322499822825,1,01c4c33e-0109-3060-0024-4d4b0116367a
A_standard,Standard,W1_point,BENCH_MATRIX_STD,2999.1735410294496,1,01c4c33e-0109-2d46-0024-4d4b011656a6
A_standard,Standard,W1_point,BENCH_MATRIX_STD,2215.9639580058865,1,01c4c33e-0109-3060-0024-4d4b0116367e
A_standard,Standard,W1_point,BENCH_MATRIX_STD,2950.7386250188574,1,01c4c33e-0109-2b76-0024-4d4b01169f02
A_standard,Standard,W1_point,BENCH_MATRIX_STD,875.2276669838466,1,01c4c33e-0109-2f01-0024-4d4b0116b0b2
A_standard,Standard,W1_point,BENCH_MATRIX_STD,1936.9185419636779,1,01c4c33e-0109-2b76-0024-4d4b01169f06
A_standard,Standard,W1_point,BENCH_MATRIX_STD,2849.388375005219,1,01c4c33e-0109-2d46-0024-4d4b011656aa
A_standard,Standard,W1_point,BENCH_MATRIX_STD,2937.1958330157213,1,01c4c33e-0109-3060-0024-4d4b01163682
A_standard,Standard,W1_point,BENCH_MATRIX_STD,2984.815083036665,1,01c4c33e-0109-2b76-0024-4d4b01169f0a
A_standard,Standard,W1_point,BENCH_MATRIX_STD,1923.2565840356983,1,01c4c33e-0109-2d46-0024-4d4b011656ae
A_standard,Standard,W1_point,BENCH_MATRIX_STD,2069.2184579675086,1,01c4c33f-0109-30c1-0024-4d4b0116a21e
A_standard,Standard,W1_point,BENCH_MATRIX_STD,1197.0262079848908,1,01c4c33f-0109-3060-0024-4d4b01163686
A_standard,Standard,W1_point,BENCH_MATRIX_STD,3296.462500002235,1,01c4c33f-0109-30c1-0024-4d4b0116a226
A_standard,Standard,W1_point,BENCH_MATRIX_STD,2498.2187090208754,1,01c4c33f-0109-2b76-0024-4d4b01169f0e
A_standard,Standard,W1_point,BENCH_MATRIX_STD,2104.4206250226125,1,01c4c33f-0109-2ecf-0024-4d4b0115d77a
A_standard,Standard,W1_point,BENCH_MATRIX_STD,2232.966666982975,1,01c4c33f-0109-30c1-0024-4d4b0116a22a
A_standard,Standard,W1_point,BENCH_MATRIX_STD,1177.8767500072718,1,01c4c33f-0109-2f01-0024-4d4b0116b0b6
A_standard,Standard,W1_point,BENCH_MATRIX_STD,2232.3512910516,1,01c4c33f-0109-3060-0024-4d4b0116368a
A_standard,Standard,W1_point,BENCH_MATRIX_STD,2901.377124944702,1,01c4c33f-0109-2f01-0024-4d4b0116b0ba
A_standard,Standard,W1_point,BENCH_MATRIX_STD,3279.404584027361,1,01c4c33f-0109-30c1-0024-4d4b0116a232
A_standard,Standard,W1_point,BENCH_MATRIX_STD,2931.6129579674453,1,01c4c33f-0109-2ecf-0024-4d4b0115d77e
A_standard,Standard,W1_point,BENCH_MATRIX_STD,3048.477750038728,1,01c4c33f-0109-2d46-0024-4d4b011656ca
A_standard,Standard,W1_point,BENCH_MATRIX_STD,2912.4051250400953,1,01c4c33f-0109-2ecf-0024-4d4b0115d782
A_standard,Standard,W1_point,BENCH_MATRIX_STD,2860.4343329789117,1,01c4c33f-0109-30c1-0024-4d4b0116a236
A_standard,Standard,W1_point,BENCH_MATRIX_STD,2117.402041971218,1,01c4c33f-0109-2b76-0024-4d4b01169f16
A_standard,Standard,W1_point,BENCH_MATRIX_STD,1211.5929999854416,1,01c4c33f-0109-2f01-0024-4d4b0116b0c2
A_standard,Standard,W1_point,BENCH_MATRIX_STD,3136.5132909850217,1,01c4c33f-0109-2b76-0024-4d4b01169f1a
A_standard,Standard,W1_point,BENCH_MATRIX_STD,2281.244875048287,1,01c4c33f-0109-30c1-0024-4d4b0116a23a
A_standard,Standard,W1_point,BENCH_MATRIX_STD,1957.8624170389958,1,01c4c33f-0109-30c1-0024-4d4b0116a23e
A_standard,Standard,W1_point,BENCH_MATRIX_STD,2971.014541981276,1,01c4c33f-0109-2ecf-0024-4d4b0115d786
A_standard,Standard,W1_point,BENCH_MATRIX_STD,2276.630959007889,1,01c4c33f-0109-3060-0024-4d4b01163692
A_standard,Standard,W1_point,BENCH_MATRIX_STD,2984.1035419958644,1,01c4c33f-0109-3060-0024-4d4b01163696
A_standard,Standard,W1_point,BENCH_MATRIX_STD,2285.9971660072915,1,01c4c33f-0109-2f01-0024-4d4b0116b0c6
A_standard,Standard,W1_point,BENCH_MATRIX_STD,2875.4424159997143,1,01c4c33f-0109-3060-0024-4d4b0116369a
A_standard,Standard,W1_point,BENCH_MATRIX_STD,379.56462503643706,1,01c4c33f-0109-2b76-0024-4d4b01169f1e
A_standard,Standard,W1_point,BENCH_MATRIX_STD,2650.262334034778,1,01c4c33f-0109-30c1-0024-4d4b0116a242
A_standard,Standard,W1_point,BENCH_MATRIX_STD,1187.8786249435507,1,01c4c340-0109-2f01-0024-4d4b0116b0ca
A_standard,Standard,W1_point,BENCH_MATRIX_STD,3045.3153339913115,1,01c4c340-0109-2ecf-0024-4d4b0115d78a
A_standard,Standard,W1_point,BENCH_MATRIX_STD,2912.1918329619803,1,01c4c340-0109-2f01-0024-4d4b0116b0ce
A_standard,Standard,W1_point,BENCH_MATRIX_STD,3122.494707989972,1,01c4c340-0109-2b76-0024-4d4b01169f62
A_standard,Standard,W1_point,BENCH_MATRIX_STD,2975.936000002548,1,01c4c340-0109-2ecf-0024-4d4b0115d78e
A_standard,Standard,W1_point,BENCH_MATRIX_STD,2969.6062080329284,1,01c4c340-0109-3060-0024-4d4b011636b6
A_standard,Standard,W1_point,BENCH_MATRIX_STD,3314.6037500118837,1,01c4c340-0109-3060-0024-4d4b011636ba
A_standard,Standard,W1_point,BENCH_MATRIX_STD,4773.317750019487,1,01c4c340-0109-2f01-0024-4d4b0116b0d6
A_standard,Standard,W1_point,BENCH_MATRIX_STD,2206.026458006818,1,01c4c340-0109-2f01-0024-4d4b0116b0da
A_standard,Standard,W1_point,BENCH_MATRIX_STD,3320.70774998283,1,01c4c340-0109-2b76-0024-4d4b01169f66
A_standard,Standard,W1_point,BENCH_MATRIX_STD,2855.5043329834007,1,01c4c340-0109-3060-0024-4d4b011636be
A_standard,Standard,W1_point,BENCH_MATRIX_STD,2963.3957920013927,1,01c4c340-0109-2b76-0024-4d4b01169f6a
A_standard,Standard,W1_point,BENCH_MATRIX_STD,1192.358166037593,1,01c4c340-0109-30c1-0024-4d4b0116a252
A_standard,Standard,W1_point,BENCH_MATRIX_STD,2997.0501660136506,1,01c4c340-0109-2b76-0024-4d4b01169f6e
A_standard,Standard,W1_point,BENCH_MATRIX_STD,582.7495000557974,1,01c4c340-0109-2ecf-0024-4d4b0115d792
A_standard,Standard,W1_point,BENCH_MATRIX_STD,3562.0578749803826,1,01c4c340-0109-2d46-0024-4d4b011656d2
A_standard,Standard,W1_point,BENCH_MATRIX_STD,1860.330708033871,1,01c4c340-0109-3060-0024-4d4b0116370e
A_standard,Standard,W1_point,BENCH_MATRIX_STD,844.4180420483463,1,01c4c340-0109-2b76-0024-4d4b01169f72
A_standard,Standard,W1_point,BENCH_MATRIX_STD,1445.8940420299768,1,01c4c340-0109-2b76-0024-4d4b01169f76
A_standard,Standard,W1_point,BENCH_MATRIX_STD,2999.830082990229,1,01c4c340-0109-2ecf-0024-4d4b0115d796
A_standard,Standard,W1_point,BENCH_MATRIX_STD,2460.8344580046833,1,01c4c340-0109-2ecf-0024-4d4b0115d79a
A_standard,Standard,W1_point,BENCH_MATRIX_STD,2938.201291952282,1,01c4c340-0109-3060-0024-4d4b01163712
A_standard,Standard,W1_point,BENCH_MATRIX_STD,1979.521624976769,1,01c4c340-0109-3060-0024-4d4b01163716
A_standard,Standard,W1_point,BENCH_MATRIX_STD,2553.740125033073,1,01c4c341-0109-2b76-0024-4d4b01169f7a
A_standard,Standard,W1_point,BENCH_MATRIX_STD,3009.1465410077944,1,01c4c341-0109-2ecf-0024-4d4b0115d79e
A_standard,Standard,W1_point,BENCH_MATRIX_STD,2187.117541965563,1,01c4c341-0109-2d46-0024-4d4b011656d6
A_standard,Standard,W1_point,BENCH_MATRIX_STD,1099.4282910251059,1,01c4c341-0109-2ecf-0024-4d4b0115d7a2
A_standard,Standard,W1_point,BENCH_MATRIX_STD,2817.9727920214646,1,01c4c341-0109-2ecf-0024-4d4b0115d7a6
A_standard,Standard,W1_point,BENCH_MATRIX_STD,2878.3132499665953,1,01c4c341-0109-2d46-0024-4d4b011656da
A_standard,Standard,W1_point,BENCH_MATRIX_STD,2956.7945830058306,1,01c4c341-0109-2b76-0024-4d4b01169f7e
A_standard,Standard,W1_point,BENCH_MATRIX_STD,3331.44220901886,1,01c4c341-0109-3060-0024-4d4b0116371a
A_standard,Standard,W1_point,BENCH_MATRIX_STD,1916.463291971013,1,01c4c341-0109-2ecf-0024-4d4b0115d7aa
A_standard,Standard,W1_point,BENCH_MATRIX_STD,2817.961708002258,1,01c4c341-0109-2b76-0024-4d4b01169f86
A_standard,Standard,W1_point,BENCH_MATRIX_STD,2980.07074999623,1,01c4c341-0109-2b76-0024-4d4b01169f8a
A_standard,Standard,W1_point,BENCH_MATRIX_STD,2217.0602090191096,1,01c4c341-0109-30c1-0024-4d4b0116a25a
A_standard,Standard,W1_point,BENCH_MATRIX_STD,1211.545041995123,1,01c4c341-0109-3060-0024-4d4b0116372a
A_standard,Standard,W1_point,BENCH_MATRIX_STD,2247.6744169835,1,01c4c341-0109-2ecf-0024-4d4b0115d7ae
A_standard,Standard,W1_point,BENCH_MATRIX_STD,2353.3837919821963,1,01c4c341-0109-2b76-0024-4d4b01169f8e
A_standard,Standard,W1_point,BENCH_MATRIX_STD,1893.0885000154376,1,01c4c341-0109-30c1-0024-4d4b0116a25e
A_standard,Standard,W1_point,BENCH_MATRIX_STD,2232.349709025584,1,01c4c341-0109-2d46-0024-4d4b011656f6
A_standard,Standard,W1_point,BENCH_MATRIX_STD,3067.608040990308,1,01c4c341-0109-3060-0024-4d4b0116372e
A_standard,Standard,W1_point,BENCH_MATRIX_STD,680.0147920148447,1,01c4c341-0109-3060-0024-4d4b01163732
A_standard,Standard,W1_point,BENCH_MATRIX_STD,2329.1231250041164,1,01c4c341-0109-2b76-0024-4d4b01169f92
A_standard,Standard,W1_point,BENCH_MATRIX_STD,1951.0106249945238,1,01c4c341-0109-30c1-0024-4d4b0116a262
A_standard,Standard,W1_point,BENCH_MATRIX_STD,2114.9057500297204,1,01c4c341-0109-3060-0024-4d4b01163736
A_standard,Standard,W1_point,BENCH_MATRIX_STD,2985.9208749840036,1,01c4c341-0109-3060-0024-4d4b0116373a
A_standard,Standard,W1_point,BENCH_MATRIX_STD,2907.5369579950348,1,01c4c341-0109-30c1-0024-4d4b0116a266
A_standard,Standard,W1_point,BENCH_MATRIX_STD,1986.5622090292163,1,01c4c341-0109-2b76-0024-4d4b01169f96
A_standard,Standard,W1_point,BENCH_MATRIX_STD,3131.110417016316,1,01c4c341-0109-2ecf-0024-4d4b0115d7b2
A_standard,Standard,W1_point,BENCH_MATRIX_STD,1427.870667015668,1,01c4c342-0109-2d46-0024-4d4b011656fa
A_standard,Standard,W1_point,BENCH_MATRIX_STD,3043.7255410361104,1,01c4c342-0109-2ecf-0024-4d4b0115d7d6
A_standard,Standard,W1_point,BENCH_MATRIX_STD,1106.6328340093605,1,01c4c342-0109-3060-0024-4d4b0116373e
A_standard,Standard,W1_point,BENCH_MATRIX_STD,2149.7675420250744,1,01c4c342-0109-30c1-0024-4d4b0116a26a
A_standard,Standard,W1_point,BENCH_MATRIX_STD,1180.7223329669796,1,01c4c342-0109-2b76-0024-4d4b01169f9a
A_standard,Standard,W1_point,BENCH_MATRIX_STD,2172.736667038407,1,01c4c342-0109-2d46-0024-4d4b011656fe
A_standard,Standard,W1_point,BENCH_MATRIX_STD,2087.4888750258833,1,01c4c342-0109-2b76-0024-4d4b01169fa2
A_standard,Standard,W1_point,BENCH_MATRIX_STD,2145.634374988731,1,01c4c342-0109-30c1-0024-4d4b0116a26e
A_standard,Standard,W1_point,BENCH_MATRIX_STD,2804.402540961746,1,01c4c342-0109-2ecf-0024-4d4b0115d812
A_standard,Standard,W1_point,BENCH_MATRIX_STD,2386.047750012949,1,01c4c342-0109-2ecf-0024-4d4b0115d816
A_standard,Standard,W1_point,BENCH_MATRIX_STD,2819.2923329770565,1,01c4c342-0109-2b76-0024-4d4b01169fa6
A_standard,Standard,W1_point,BENCH_MATRIX_STD,2468.6961250263266,1,01c4c342-0109-3060-0024-4d4b01163746
A_standard,Standard,W1_point,BENCH_MATRIX_STD,674.4069169508293,1,01c4c342-0109-2ecf-0024-4d4b0115d81a
A_standard,Standard,W1_point,BENCH_MATRIX_STD,2199.95600002585,1,01c4c342-0109-2ecf-0024-4d4b0115d81e
A_standard,Standard,W1_point,BENCH_MATRIX_STD,2863.7559579801746,1,01c4c342-0109-2ecf-0024-4d4b0115d822
A_standard,Standard,W1_point,BENCH_MATRIX_STD,3244.790583034046,1,01c4c342-0109-2ecf-0024-4d4b0115d826
A_standard,Standard,W1_point,BENCH_MATRIX_STD,619.1654999856837,1,01c4c342-0109-30c1-0024-4d4b0116a27e
A_standard,Standard,W1_point,BENCH_MATRIX_STD,736.7275840369985,1,01c4c342-0109-2b76-0024-4d4b01169faa
A_standard,Standard,W1_point,BENCH_MATRIX_STD,2474.138707970269,1,01c4c342-0109-2b76-0024-4d4b01169fae
A_standard,Standard,W1_point,BENCH_MATRIX_STD,3067.4127920065075,1,01c4c342-0109-2b76-0024-4d4b01169fb2
A_standard,Standard,W1_point,BENCH_MATRIX_STD,3592.254833027255,1,01c4c342-0109-2d46-0024-4d4b01165702
A_standard,Standard,W1_point,BENCH_MATRIX_STD,2318.8553329673596,1,01c4c342-0109-2ecf-0024-4d4b0115d82a
A_standard,Standard,W1_point,BENCH_MATRIX_STD,2025.612750032451,1,01c4c342-0109-2ecf-0024-4d4b0115d82e
A_standard,Standard,W1_point,BENCH_MATRIX_STD,2365.782000008039,1,01c4c342-0109-30c1-0024-4d4b0116a282
A_standard,Standard,W1_point,BENCH_MATRIX_STD,4187.15420900844,1,01c4c342-0109-2d46-0024-4d4b01165706
A_standard,Standard,W1_point,BENCH_MATRIX_STD,3182.274333026726,1,01c4c342-0109-2d46-0024-4d4b0116570a
A_standard,Standard,W1_point,BENCH_MATRIX_STD,1950.3742919769138,1,01c4c343-0109-2b76-0024-4d4b01169fba
A_standard,Standard,W1_point,BENCH_MATRIX_STD,2218.009333999362,1,01c4c343-0109-30c1-0024-4d4b0116a286
A_standard,Standard,W1_point,BENCH_MATRIX_STD,2849.793959001545,1,01c4c343-0109-2b76-0024-4d4b01169fbe
A_standard,Standard,W1_point,BENCH_MATRIX_STD,1928.546249982901,1,01c4c343-0109-2b76-0024-4d4b01169fc2
A_standard,Standard,W1_point,BENCH_MATRIX_STD,2120.0674169813283,1,01c4c343-0109-2d46-0024-4d4b0116570e
A_standard,Standard,W1_point,BENCH_MATRIX_STD,1926.5210410230793,1,01c4c343-0109-30c1-0024-4d4b0116a28a
A_standard,Standard,W1_point,BENCH_MATRIX_STD,1932.2530839708634,1,01c4c343-0109-3060-0024-4d4b01163766
A_standard,Standard,W1_point,BENCH_MATRIX_STD,1952.5183329824358,1,01c4c343-0109-2ecf-0024-4d4b0115d832
A_standard,Standard,W1_point,BENCH_MATRIX_STD,2025.3280829638243,1,01c4c343-0109-2b76-0024-4d4b01169fc6
A_standard,Standard,W1_point,BENCH_MATRIX_STD,2922.702790994663,1,01c4c343-0109-2d46-0024-4d4b01165712
A_standard,Standard,W1_point,BENCH_MATRIX_STD,1185.1128750131465,1,01c4c343-0109-30c1-0024-4d4b0116a28e
A_standard,Standard,W1_point,BENCH_MATRIX_STD,2505.1424999837764,1,01c4c343-0109-2b76-0024-4d4b01169fce
A_standard,Standard,W1_point,BENCH_MATRIX_STD,2983.7274170131423,1,01c4c343-0109-3060-0024-4d4b0116376e
A_standard,Standard,W1_point,BENCH_MATRIX_STD,3526.8923330004327,1,01c4c343-0109-2b76-0024-4d4b01169fd2
A_standard,Standard,W1_point,BENCH_MATRIX_STD,3207.4949169764295,1,01c4c343-0109-2b76-0024-4d4b01169fd6
A_standard,Standard,W1_point,BENCH_MATRIX_STD,3132.237375015393,1,01c4c343-0109-2ecf-0024-4d4b0115d83e
A_standard,Standard,W2_group,BENCH_MATRIX_STD,3577.529875037726,77712,01c4c344-0109-2b76-0024-4d4b0116d036
A_standard,Standard,W2_group,BENCH_MATRIX_STD,5445.455832988955,77712,01c4c344-0109-3060-0024-4d4b01163782
A_standard,Standard,W2_group,BENCH_MATRIX_STD,6058.30741598038,77712,01c4c344-0109-30c1-0024-4d4b0116a2a2
A_standard,Standard,W2_group,BENCH_MATRIX_STD,4704.678874986712,77712,01c4c344-0109-2ecf-0024-4d4b0115d882
A_standard,Standard,W2_group,BENCH_MATRIX_STD,4913.094417017419,77712,01c4c344-0109-2d46-0024-4d4b01165722
A_standard,Standard,W2_group,BENCH_MATRIX_STD,7470.703875005711,77712,01c4c344-0109-2b76-0024-4d4b0116d03a
A_standard,Standard,W2_group,BENCH_MATRIX_STD,4128.456624981482,77712,01c4c344-0109-3060-0024-4d4b0116378a
A_standard,Standard,W2_group,BENCH_MATRIX_STD,5921.699290978722,77712,01c4c345-0109-30c1-0024-4d4b0116a2a6
A_standard,Standard,W2_group,BENCH_MATRIX_STD,4258.228708000388,77712,01c4c345-0109-3060-0024-4d4b0116378e
A_standard,Standard,W2_group,BENCH_MATRIX_STD,5257.95429199934,77712,01c4c345-0109-2ecf-0024-4d4b0115d886
A_standard,Standard,W2_group,BENCH_MATRIX_STD,5166.853250004351,77712,01c4c345-0109-2d46-0024-4d4b01165726
A_standard,Standard,W2_group,BENCH_MATRIX_STD,2940.309041994624,77712,01c4c345-0109-2b76-0024-4d4b0116d05a
A_standard,Standard,W2_group,BENCH_MATRIX_STD,3558.1968749756925,77712,01c4c345-0109-30c1-0024-4d4b0116a2b2
A_standard,Standard,W2_group,BENCH_MATRIX_STD,4058.9260410051793,77712,01c4c345-0109-2ecf-0024-4d4b0115d88a
A_standard,Standard,W2_group,BENCH_MATRIX_STD,5293.708832992706,77712,01c4c345-0109-2ecf-0024-4d4b0115d88e
A_standard,Standard,W2_group,BENCH_MATRIX_STD,4660.1319999899715,77712,01c4c345-0109-2ecf-0024-4d4b0115d892
A_standard,Standard,W2_group,BENCH_MATRIX_STD,7285.4897499782965,77712,01c4c345-0109-2ecf-0024-4d4b0115d896
A_standard,Standard,W2_group,BENCH_MATRIX_STD,5090.8250830252655,77712,01c4c345-0109-2ecf-0024-4d4b0115d89a
A_standard,Standard,W2_group,BENCH_MATRIX_STD,4268.326708988752,77712,01c4c345-0109-2ecf-0024-4d4b0115d89e
A_standard,Standard,W2_group,BENCH_MATRIX_STD,4922.089375031646,77712,01c4c345-0109-2ecf-0024-4d4b0115d8a2
A_standard,Standard,W2_group,BENCH_MATRIX_STD,4947.506125026848,77712,01c4c346-0109-3060-0024-4d4b0116379a
A_standard,Standard,W2_group,BENCH_MATRIX_STD,5517.3240000149235,77712,01c4c346-0109-3060-0024-4d4b0116379e
A_standard,Standard,W2_group,BENCH_MATRIX_STD,5817.749332985841,77712,01c4c346-0109-3060-0024-4d4b011637ba
A_standard,Standard,W2_group,BENCH_MATRIX_STD,5947.3046669736505,77712,01c4c346-0109-2d46-0024-4d4b0116576e
A_standard,Standard,W2_group,BENCH_MATRIX_STD,9502.672249975149,77712,01c4c346-0109-3060-0024-4d4b011637be
A_standard,Standard,W2_group,BENCH_MATRIX_STD,6583.984875003807,77712,01c4c346-0109-2ecf-0024-4d4b0115d8a6
A_standard,Standard,W2_group,BENCH_MATRIX_STD,6811.116666998714,77712,01c4c346-0109-2d46-0024-4d4b01165772
A_standard,Standard,W2_group,BENCH_MATRIX_STD,5653.868250024971,77712,01c4c346-0109-2ecf-0024-4d4b0115d8aa
A_standard,Standard,W2_group,BENCH_MATRIX_STD,4188.353792007547,77712,01c4c346-0109-30c1-0024-4d4b0116a2b6
A_standard,Standard,W2_group,BENCH_MATRIX_STD,8530.098833027296,77712,01c4c346-0109-2b76-0024-4d4b0116d06a
A_standard,Standard,W2_group,BENCH_MATRIX_STD,7393.088374985382,77712,01c4c347-0109-2ecf-0024-4d4b0115d8f6
A_standard,Standard,W2_group,BENCH_MATRIX_STD,6701.485666970257,77712,01c4c347-0109-2d46-0024-4d4b01165776
A_standard,Standard,W2_group,BENCH_MATRIX_STD,5189.082583005074,77712,01c4c347-0109-2b76-0024-4d4b0116d06e
A_standard,Standard,W2_group,BENCH_MATRIX_STD,6942.936958977953,77712,01c4c347-0109-30c1-0024-4d4b0116a2c6
A_standard,Standard,W2_group,BENCH_MATRIX_STD,6281.175833020825,77712,01c4c347-0109-2d46-0024-4d4b0116577e
A_standard,Standard,W2_group,BENCH_MATRIX_STD,6181.908833968919,77712,01c4c347-0109-2ecf-0024-4d4b0115d8fa
A_standard,Standard,W2_group,BENCH_MATRIX_STD,4863.188874965999,77712,01c4c347-0109-2ecf-0024-4d4b0115d8fe
A_standard,Standard,W2_group,BENCH_MATRIX_STD,3889.317875029519,77712,01c4c347-0109-2b76-0024-4d4b0116d072
A_standard,Standard,W2_group,BENCH_MATRIX_STD,4756.062959029805,77712,01c4c347-0109-30c1-0024-4d4b0116a2ca
A_standard,Standard,W2_group,BENCH_MATRIX_STD,5713.251457957085,77712,01c4c347-0109-3060-0024-4d4b011637da
C_clustered,Clustered,W1_point,BENCH_MATRIX_CLUSTERED,1765.5903749982826,1,01c4c348-0109-30c1-0024-4d4b0116a312
C_clustered,Clustered,W1_point,BENCH_MATRIX_CLUSTERED,1157.5843340251595,1,01c4c348-0109-2d46-0024-4d4b011657ae
C_clustered,Clustered,W1_point,BENCH_MATRIX_CLUSTERED,3853.442666993942,1,01c4c348-0109-2ecf-0024-4d4b0115d906
C_clustered,Clustered,W1_point,BENCH_MATRIX_CLUSTERED,3321.3367499993183,1,01c4c348-0109-30c1-0024-4d4b0116a316
C_clustered,Clustered,W1_point,BENCH_MATRIX_CLUSTERED,3617.3110420349985,1,01c4c348-0109-2ecf-0024-4d4b0115d90a
C_clustered,Clustered,W1_point,BENCH_MATRIX_CLUSTERED,955.934832978528,1,01c4c348-0109-3060-0024-4d4b011637f6
C_clustered,Clustered,W1_point,BENCH_MATRIX_CLUSTERED,1477.0789580070414,1,01c4c348-0109-30c1-0024-4d4b0116a31a
C_clustered,Clustered,W1_point,BENCH_MATRIX_CLUSTERED,628.3382499823347,1,01c4c348-0109-2ecf-0024-4d4b0115d90e
C_clustered,Clustered,W1_point,BENCH_MATRIX_CLUSTERED,3403.837041987572,1,01c4c348-0109-3060-0024-4d4b011637fa
C_clustered,Clustered,W1_point,BENCH_MATRIX_CLUSTERED,3526.5091659966856,1,01c4c348-0109-30c1-0024-4d4b0116a31e
C_clustered,Clustered,W1_point,BENCH_MATRIX_CLUSTERED,3593.32954097772,1,01c4c349-0109-2d46-0024-4d4b011657b2
C_clustered,Clustered,W1_point,BENCH_MATRIX_CLUSTERED,3932.24937497871,1,01c4c349-0109-2b76-0024-4d4b0116d086
C_clustered,Clustered,W1_point,BENCH_MATRIX_CLUSTERED,3082.99091598019,1,01c4c349-0109-2b76-0024-4d4b0116d08a
C_clustered,Clustered,W1_point,BENCH_MATRIX_CLUSTERED,3373.9854999585077,1,01c4c349-0109-30c1-0024-4d4b0116a322
C_clustered,Clustered,W1_point,BENCH_MATRIX_CLUSTERED,3384.824250009842,1,01c4c349-0109-30c1-0024-4d4b0116a326
C_clustered,Clustered,W1_point,BENCH_MATRIX_CLUSTERED,908.260291966144,1,01c4c349-0109-3060-0024-4d4b01163816
C_clustered,Clustered,W1_point,BENCH_MATRIX_CLUSTERED,4078.5989169962704,1,01c4c349-0109-2d46-0024-4d4b011657b6
C_clustered,Clustered,W1_point,BENCH_MATRIX_CLUSTERED,3304.7195420367643,1,01c4c349-0109-2b76-0024-4d4b0116d092
C_clustered,Clustered,W1_point,BENCH_MATRIX_CLUSTERED,1162.3089580098167,1,01c4c349-0109-30c1-0024-4d4b0116a32e
C_clustered,Clustered,W1_point,BENCH_MATRIX_CLUSTERED,2712.6588750397786,1,01c4c349-0109-30c1-0024-4d4b0116a332
C_clustered,Clustered,W1_point,BENCH_MATRIX_CLUSTERED,981.9848329643719,1,01c4c349-0109-30c1-0024-4d4b0116a336
C_clustered,Clustered,W1_point,BENCH_MATRIX_CLUSTERED,2563.5979170328937,1,01c4c349-0109-2b76-0024-4d4b0116d096
C_clustered,Clustered,W1_point,BENCH_MATRIX_CLUSTERED,878.274540998973,1,01c4c349-0109-30c1-0024-4d4b0116a33a
C_clustered,Clustered,W1_point,BENCH_MATRIX_CLUSTERED,3275.9474169579335,1,01c4c349-0109-2b76-0024-4d4b0116d09a
C_clustered,Clustered,W1_point,BENCH_MATRIX_CLUSTERED,4033.3257080055773,1,01c4c349-0109-2b76-0024-4d4b0116d09e
C_clustered,Clustered,W1_point,BENCH_MATRIX_CLUSTERED,1051.8198750214651,1,01c4c349-0109-2ecf-0024-4d4b0115d91a
C_clustered,Clustered,W1_point,BENCH_MATRIX_CLUSTERED,3378.3725000103004,1,01c4c349-0109-30c1-0024-4d4b0116a33e
C_clustered,Clustered,W1_point,BENCH_MATRIX_CLUSTERED,706.3609579927288,1,01c4c349-0109-30c1-0024-4d4b0116a342
C_clustered,Clustered,W1_point,BENCH_MATRIX_CLUSTERED,2575.2797079621814,1,01c4c349-0109-2d46-0024-4d4b011657ba
C_clustered,Clustered,W1_point,BENCH_MATRIX_CLUSTERED,4363.54204203235,1,01c4c349-0109-3060-0024-4d4b0116381e
C_clustered,Clustered,W1_point,BENCH_MATRIX_CLUSTERED,4079.1722079738975,1,01c4c349-0109-30c1-0024-4d4b0116a346
C_clustered,Clustered,W1_point,BENCH_MATRIX_CLUSTERED,3531.373333011288,1,01c4c349-0109-30c1-0024-4d4b0116a34a
C_clustered,Clustered,W1_point,BENCH_MATRIX_CLUSTERED,2845.628958020825,1,01c4c34a-0109-3060-0024-4d4b01163822
C_clustered,Clustered,W1_point,BENCH_MATRIX_CLUSTERED,2928.2667500083335,1,01c4c34a-0109-2b76-0024-4d4b0116d0c6
C_clustered,Clustered,W1_point,BENCH_MATRIX_CLUSTERED,1334.8427079617977,1,01c4c34a-0109-2d46-0024-4d4b011657be
C_clustered,Clustered,W1_point,BENCH_MATRIX_CLUSTERED,3391.6872079716995,1,01c4c34a-0109-3060-0024-4d4b01163826
C_clustered,Clustered,W1_point,BENCH_MATRIX_CLUSTERED,1034.9922080058604,1,01c4c34a-0109-3060-0024-4d4b0116382a
C_clustered,Clustered,W1_point,BENCH_MATRIX_CLUSTERED,2570.036249991972,1,01c4c34a-0109-3060-0024-4d4b0116382e
C_clustered,Clustered,W1_point,BENCH_MATRIX_CLUSTERED,830.6639159563929,1,01c4c34a-0109-2d46-0024-4d4b011657c2
C_clustered,Clustered,W1_point,BENCH_MATRIX_CLUSTERED,706.5706659923308,1,01c4c34a-0109-2b76-0024-4d4b0116d11e
C_clustered,Clustered,W1_point,BENCH_MATRIX_CLUSTERED,865.1125420001335,1,01c4c34a-0109-30c1-0024-4d4b0116a366
C_clustered,Clustered,W1_point,BENCH_MATRIX_CLUSTERED,3461.794500006363,1,01c4c34a-0109-3060-0024-4d4b01163832
C_clustered,Clustered,W1_point,BENCH_MATRIX_CLUSTERED,3851.604708004743,1,01c4c34a-0109-2b76-0024-4d4b0116d122
C_clustered,Clustered,W1_point,BENCH_MATRIX_CLUSTERED,3383.454791037366,1,01c4c34a-0109-2b76-0024-4d4b0116d126
C_clustered,Clustered,W1_point,BENCH_MATRIX_CLUSTERED,3350.843916996382,1,01c4c34a-0109-2ecf-0024-4d4b0115d922
C_clustered,Clustered,W1_point,BENCH_MATRIX_CLUSTERED,3342.0430840342306,1,01c4c34a-0109-3060-0024-4d4b0116383a
C_clustered,Clustered,W1_point,BENCH_MATRIX_CLUSTERED,3367.2927919542417,1,01c4c34a-0109-3060-0024-4d4b0116383e
C_clustered,Clustered,W1_point,BENCH_MATRIX_CLUSTERED,4269.038582977373,1,01c4c34a-0109-3060-0024-4d4b01163842
C_clustered,Clustered,W1_point,BENCH_MATRIX_CLUSTERED,960.4912920040078,1,01c4c34a-0109-2ecf-0024-4d4b0115d926
C_clustered,Clustered,W1_point,BENCH_MATRIX_CLUSTERED,6407.375208975282,1,01c4c34a-0109-30c1-0024-4d4b0116a36a
C_clustered,Clustered,W1_point,BENCH_MATRIX_CLUSTERED,830.4718339932151,1,01c4c34a-0109-30c1-0024-4d4b0116a36e
C_clustered,Clustered,W1_point,BENCH_MATRIX_CLUSTERED,2694.4704999914393,1,01c4c34a-0109-30c1-0024-4d4b0116a372
C_clustered,Clustered,W1_point,BENCH_MATRIX_CLUSTERED,3807.9939580056816,1,01c4c34a-0109-2b76-0024-4d4b0116d12a
C_clustered,Clustered,W1_point,BENCH_MATRIX_CLUSTERED,869.1702910000458,1,01c4c34a-0109-30c1-0024-4d4b0116a376
C_clustered,Clustered,W1_point,BENCH_MATRIX_CLUSTERED,3831.8063329788856,1,01c4c34b-0109-30c1-0024-4d4b0116a37a
C_clustered,Clustered,W1_point,BENCH_MATRIX_CLUSTERED,911.4308749558404,1,01c4c34b-0109-3060-0024-4d4b01163846
C_clustered,Clustered,W1_point,BENCH_MATRIX_CLUSTERED,3481.2941249692813,1,01c4c34b-0109-30c1-0024-4d4b0116a37e
C_clustered,Clustered,W1_point,BENCH_MATRIX_CLUSTERED,1429.8525410122238,1,01c4c34b-0109-30c1-0024-4d4b0116a382
C_clustered,Clustered,W1_point,BENCH_MATRIX_CLUSTERED,1716.1810420220718,1,01c4c34b-0109-3060-0024-4d4b0116384a
C_clustered,Clustered,W1_point,BENCH_MATRIX_CLUSTERED,1641.6491669951938,1,01c4c34b-0109-2b76-0024-4d4b0116d12e
C_clustered,Clustered,W1_point,BENCH_MATRIX_CLUSTERED,3418.6810829560272,1,01c4c34b-0109-3060-0024-4d4b0116385a
C_clustered,Clustered,W1_point,BENCH_MATRIX_CLUSTERED,3674.4960410287604,1,01c4c34b-0109-2b76-0024-4d4b0116d132
C_clustered,Clustered,W1_point,BENCH_MATRIX_CLUSTERED,3502.763834025245,1,01c4c34b-0109-3060-0024-4d4b0116386a
C_clustered,Clustered,W1_point,BENCH_MATRIX_CLUSTERED,3341.9093329575844,1,01c4c34b-0109-3060-0024-4d4b0116386e
C_clustered,Clustered,W1_point,BENCH_MATRIX_CLUSTERED,3590.7693749759346,1,01c4c34b-0109-3060-0024-4d4b01163872
C_clustered,Clustered,W1_point,BENCH_MATRIX_CLUSTERED,3499.6634580311365,1,01c4c34b-0109-2d46-0024-4d4b011657d6
C_clustered,Clustered,W1_point,BENCH_MATRIX_CLUSTERED,3334.6622500102967,1,01c4c34b-0109-3060-0024-4d4b01163876
C_clustered,Clustered,W1_point,BENCH_MATRIX_CLUSTERED,938.4728750446811,1,01c4c34b-0109-30c1-0024-4d4b0116a38a
C_clustered,Clustered,W1_point,BENCH_MATRIX_CLUSTERED,3358.405709033832,1,01c4c34b-0109-2b76-0024-4d4b0116d136
C_clustered,Clustered,W1_point,BENCH_MATRIX_CLUSTERED,3532.416916976217,1,01c4c34b-0109-30c1-0024-4d4b0116a38e
C_clustered,Clustered,W1_point,BENCH_MATRIX_CLUSTERED,4810.445790993981,1,01c4c34b-0109-2d46-0024-4d4b011657da
C_clustered,Clustered,W1_point,BENCH_MATRIX_CLUSTERED,904.8073329613544,1,01c4c34b-0109-2b76-0024-4d4b0116d13e
C_clustered,Clustered,W1_point,BENCH_MATRIX_CLUSTERED,3705.072332988493,1,01c4c34b-0109-30c1-0024-4d4b0116a392
C_clustered,Clustered,W1_point,BENCH_MATRIX_CLUSTERED,714.179000002332,1,01c4c34b-0109-3060-0024-4d4b0116387a
C_clustered,Clustered,W1_point,BENCH_MATRIX_CLUSTERED,3675.9579589706846,1,01c4c34b-0109-2d46-0024-4d4b011657de
C_clustered,Clustered,W1_point,BENCH_MATRIX_CLUSTERED,821.710999996867,1,01c4c34b-0109-30c1-0024-4d4b0116a396
C_clustered,Clustered,W1_point,BENCH_MATRIX_CLUSTERED,367.0802909764461,1,01c4c34c-0109-2b76-0024-4d4b0116d142
C_clustered,Clustered,W1_point,BENCH_MATRIX_CLUSTERED,1130.0675829988904,1,01c4c34c-0109-2d46-0024-4d4b011657e2
C_clustered,Clustered,W1_point,BENCH_MATRIX_CLUSTERED,3820.761458016932,1,01c4c34c-0109-2b76-0024-4d4b0116d14e
C_clustered,Clustered,W1_point,BENCH_MATRIX_CLUSTERED,965.0288330158219,1,01c4c34c-0109-3060-0024-4d4b0116387e
C_clustered,Clustered,W1_point,BENCH_MATRIX_CLUSTERED,3491.8689579935744,1,01c4c34c-0109-30c1-0024-4d4b0116a39a
C_clustered,Clustered,W1_point,BENCH_MATRIX_CLUSTERED,3922.31824999908,1,01c4c34c-0109-2b76-0024-4d4b0116d18a
C_clustered,Clustered,W1_point,BENCH_MATRIX_CLUSTERED,968.212665989995,1,01c4c34c-0109-30c1-0024-4d4b0116a39e
C_clustered,Clustered,W1_point,BENCH_MATRIX_CLUSTERED,3671.2945830076933,1,01c4c34c-0109-2d46-0024-4d4b011657e6
C_clustered,Clustered,W1_point,BENCH_MATRIX_CLUSTERED,894.1137090441771,1,01c4c34c-0109-30c1-0024-4d4b0116a3a2
C_clustered,Clustered,W1_point,BENCH_MATRIX_CLUSTERED,1230.857707967516,1,01c4c34c-0109-2b76-0024-4d4b0116d18e
C_clustered,Clustered,W1_point,BENCH_MATRIX_CLUSTERED,3586.244624981191,1,01c4c34c-0109-2b76-0024-4d4b0116d196
C_clustered,Clustered,W1_point,BENCH_MATRIX_CLUSTERED,3559.3175839749165,1,01c4c34c-0109-2ecf-0024-4d4b0115d92e
C_clustered,Clustered,W1_point,BENCH_MATRIX_CLUSTERED,3343.401999969501,1,01c4c34c-0109-2ecf-0024-4d4b0115d932
C_clustered,Clustered,W1_point,BENCH_MATRIX_CLUSTERED,3355.8025829843245,1,01c4c34c-0109-2b76-0024-4d4b0116d19e
C_clustered,Clustered,W1_point,BENCH_MATRIX_CLUSTERED,3685.457666986622,1,01c4c34c-0109-30c1-0024-4d4b0116a3a6
C_clustered,Clustered,W1_point,BENCH_MATRIX_CLUSTERED,3872.420957952272,1,01c4c34c-0109-2d46-0024-4d4b011657ee
C_clustered,Clustered,W1_point,BENCH_MATRIX_CLUSTERED,3417.353875003755,1,01c4c34c-0109-2ecf-0024-4d4b0115d936
C_clustered,Clustered,W1_point,BENCH_MATRIX_CLUSTERED,2082.8961249790154,1,01c4c34c-0109-2d46-0024-4d4b011657f2
C_clustered,Clustered,W1_point,BENCH_MATRIX_CLUSTERED,1186.8239579489455,1,01c4c34c-0109-2ecf-0024-4d4b0115d93a
C_clustered,Clustered,W1_point,BENCH_MATRIX_CLUSTERED,1031.829415995162,1,01c4c34c-0109-2b76-0024-4d4b0116d1a2
C_clustered,Clustered,W1_point,BENCH_MATRIX_CLUSTERED,844.3128750077449,1,01c4c34c-0109-2b76-0024-4d4b0116d1a6
C_clustered,Clustered,W1_point,BENCH_MATRIX_CLUSTERED,3670.971208019182,1,01c4c34c-0109-30c1-0024-4d4b0116a3ae
C_clustered,Clustered,W1_point,BENCH_MATRIX_CLUSTERED,876.1442909599282,1,01c4c34c-0109-30c1-0024-4d4b0116a3b2
C_clustered,Clustered,W1_point,BENCH_MATRIX_CLUSTERED,3756.1548330122605,1,01c4c34c-0109-30c1-0024-4d4b0116a3b6
C_clustered,Clustered,W1_point,BENCH_MATRIX_CLUSTERED,883.5357919451781,1,01c4c34c-0109-2d46-0024-4d4b011657f6
C_clustered,Clustered,W1_point,BENCH_MATRIX_CLUSTERED,876.6943329828791,1,01c4c34c-0109-30c1-0024-4d4b0116a3ba
C_clustered,Clustered,W1_point,BENCH_MATRIX_CLUSTERED,2923.9802920492366,1,01c4c34d-0109-2d46-0024-4d4b011657fa
C_clustered,Clustered,W1_point,BENCH_MATRIX_CLUSTERED,1194.7808749973774,1,01c4c34d-0109-2ecf-0024-4d4b0115d93e
C_clustered,Clustered,W1_point,BENCH_MATRIX_CLUSTERED,3684.1130839893594,1,01c4c34d-0109-2ecf-0024-4d4b0115d942
C_clustered,Clustered,W1_point,BENCH_MATRIX_CLUSTERED,4215.515166986734,1,01c4c34d-0109-2b76-0024-4d4b0116d1aa
C_clustered,Clustered,W1_point,BENCH_MATRIX_CLUSTERED,3009.00445895968,1,01c4c34d-0109-2ecf-0024-4d4b0115d946
C_clustered,Clustered,W1_point,BENCH_MATRIX_CLUSTERED,3618.674082972575,1,01c4c34d-0109-2ecf-0024-4d4b0115d94a
C_clustered,Clustered,W1_point,BENCH_MATRIX_CLUSTERED,1526.6569170053117,1,01c4c34d-0109-2d46-0024-4d4b011657fe
C_clustered,Clustered,W1_point,BENCH_MATRIX_CLUSTERED,5230.682583991438,1,01c4c34d-0109-2ecf-0024-4d4b0115d952
C_clustered,Clustered,W1_point,BENCH_MATRIX_CLUSTERED,1525.7639160263352,1,01c4c34d-0109-3060-0024-4d4b011638a6
C_clustered,Clustered,W1_point,BENCH_MATRIX_CLUSTERED,4104.964540980291,1,01c4c34d-0109-30c1-0024-4d4b0116a40e
C_clustered,Clustered,W1_point,BENCH_MATRIX_CLUSTERED,1182.193374959752,1,01c4c34d-0109-2d46-0024-4d4b01165802
C_clustered,Clustered,W1_point,BENCH_MATRIX_CLUSTERED,3224.2190840188414,1,01c4c34d-0109-3060-0024-4d4b011638aa
C_clustered,Clustered,W1_point,BENCH_MATRIX_CLUSTERED,1012.2915839892812,1,01c4c34d-0109-2d46-0024-4d4b01165806
C_clustered,Clustered,W1_point,BENCH_MATRIX_CLUSTERED,1922.364291967824,1,01c4c34d-0109-2b76-0024-4d4b0116d1ca
C_clustered,Clustered,W1_point,BENCH_MATRIX_CLUSTERED,4365.677417023107,1,01c4c34d-0109-2ecf-0024-4d4b0115d956
C_clustered,Clustered,W1_point,BENCH_MATRIX_CLUSTERED,4472.694833006244,1,01c4c34d-0109-2d46-0024-4d4b0116580a
C_clustered,Clustered,W1_point,BENCH_MATRIX_CLUSTERED,3751.2439580168575,1,01c4c34d-0109-2d46-0024-4d4b0116580e
C_clustered,Clustered,W1_point,BENCH_MATRIX_CLUSTERED,844.4553749868646,1,01c4c34d-0109-3060-0024-4d4b011638ae
C_clustered,Clustered,W1_point,BENCH_MATRIX_CLUSTERED,541.2062500254251,1,01c4c34d-0109-30c1-0024-4d4b0116a412
C_clustered,Clustered,W1_point,BENCH_MATRIX_CLUSTERED,955.8982090093195,1,01c4c34d-0109-30c1-0024-4d4b0116a416
C_clustered,Clustered,W1_point,BENCH_MATRIX_CLUSTERED,3698.858791962266,1,01c4c34d-0109-30c1-0024-4d4b0116a41a
C_clustered,Clustered,W1_point,BENCH_MATRIX_CLUSTERED,3451.372999988962,1,01c4c34d-0109-2d46-0024-4d4b01165812
C_clustered,Clustered,W1_point,BENCH_MATRIX_CLUSTERED,685.5115829966962,1,01c4c34e-0109-2ecf-0024-4d4b0115d95a
C_clustered,Clustered,W1_point,BENCH_MATRIX_CLUSTERED,722.887542040553,1,01c4c34e-0109-2d46-0024-4d4b01165816
C_clustered,Clustered,W1_point,BENCH_MATRIX_CLUSTERED,970.4382499912754,1,01c4c34e-0109-30c1-0024-4d4b0116a41e
C_clustered,Clustered,W1_point,BENCH_MATRIX_CLUSTERED,3682.9888750216924,1,01c4c34e-0109-2d46-0024-4d4b0116581a
C_clustered,Clustered,W1_point,BENCH_MATRIX_CLUSTERED,3452.235959004611,1,01c4c34e-0109-30c1-0024-4d4b0116a422
C_clustered,Clustered,W1_point,BENCH_MATRIX_CLUSTERED,2781.9044169737026,1,01c4c34e-0109-3060-0024-4d4b011638d6
C_clustered,Clustered,W1_point,BENCH_MATRIX_CLUSTERED,2711.127791029867,1,01c4c34e-0109-3060-0024-4d4b011638f6
C_clustered,Clustered,W1_point,BENCH_MATRIX_CLUSTERED,804.7825000248849,1,01c4c34e-0109-2b76-0024-4d4b0116d1ce
C_clustered,Clustered,W1_point,BENCH_MATRIX_CLUSTERED,3281.52224997757,1,01c4c34e-0109-30c1-0024-4d4b0116a42a
C_clustered,Clustered,W1_point,BENCH_MATRIX_CLUSTERED,3797.5566659588367,1,01c4c34e-0109-30c1-0024-4d4b0116a432
C_clustered,Clustered,W1_point,BENCH_MATRIX_CLUSTERED,2616.0401250235736,1,01c4c34e-0109-30c1-0024-4d4b0116a436
C_clustered,Clustered,W1_point,BENCH_MATRIX_CLUSTERED,2787.640292022843,1,01c4c34e-0109-2b76-0024-4d4b0116d1da
C_clustered,Clustered,W1_point,BENCH_MATRIX_CLUSTERED,3266.6670830221847,1,01c4c34e-0109-2b76-0024-4d4b0116d1de
C_clustered,Clustered,W1_point,BENCH_MATRIX_CLUSTERED,2550.8865829906426,1,01c4c34e-0109-3060-0024-4d4b011638fa
C_clustered,Clustered,W1_point,BENCH_MATRIX_CLUSTERED,2874.2277909768745,1,01c4c34e-0109-3060-0024-4d4b011638fe
C_clustered,Clustered,W1_point,BENCH_MATRIX_CLUSTERED,775.2317910199054,1,01c4c34e-0109-2ecf-0024-4d4b0115d95e
C_clustered,Clustered,W1_point,BENCH_MATRIX_CLUSTERED,2512.1630000066943,1,01c4c34e-0109-2b76-0024-4d4b0116d1e2
C_clustered,Clustered,W1_point,BENCH_MATRIX_CLUSTERED,2688.472167006694,1,01c4c34e-0109-2ecf-0024-4d4b0115d962
C_clustered,Clustered,W1_point,BENCH_MATRIX_CLUSTERED,2590.589333034586,1,01c4c34e-0109-30c1-0024-4d4b0116a43a
C_clustered,Clustered,W1_point,BENCH_MATRIX_CLUSTERED,2533.408707997296,1,01c4c34e-0109-2b76-0024-4d4b0116d1e6
C_clustered,Clustered,W1_point,BENCH_MATRIX_CLUSTERED,1458.8585409801453,1,01c4c34e-0109-3060-0024-4d4b01163902
C_clustered,Clustered,W1_point,BENCH_MATRIX_CLUSTERED,2741.0652919788845,1,01c4c34e-0109-2d46-0024-4d4b0116583a
C_clustered,Clustered,W1_point,BENCH_MATRIX_CLUSTERED,4862.617999955546,1,01c4c34e-0109-2ecf-0024-4d4b0115d966
C_clustered,Clustered,W1_point,BENCH_MATRIX_CLUSTERED,3405.9813339845277,1,01c4c34e-0109-2ecf-0024-4d4b0115d96a
C_clustered,Clustered,W1_point,BENCH_MATRIX_CLUSTERED,3747.838125040289,1,01c4c34f-0109-30c1-0024-4d4b0116a442
C_clustered,Clustered,W1_point,BENCH_MATRIX_CLUSTERED,3570.296334044542,1,01c4c34f-0109-2ecf-0024-4d4b0115d96e
C_clustered,Clustered,W2_group,BENCH_MATRIX_CLUSTERED,7523.057250014972,77712,01c4c350-0109-2b76-0024-4d4b0116d1f2
C_clustered,Clustered,W2_group,BENCH_MATRIX_CLUSTERED,9030.025208019651,77712,01c4c350-0109-2b76-0024-4d4b0116d1f6
C_clustered,Clustered,W2_group,BENCH_MATRIX_CLUSTERED,11241.756875009742,77712,01c4c350-0109-3060-0024-4d4b01163926
C_clustered,Clustered,W2_group,BENCH_MATRIX_CLUSTERED,7634.690583974589,77712,01c4c350-0109-2ecf-0024-4d4b0115d976
C_clustered,Clustered,W2_group,BENCH_MATRIX_CLUSTERED,6743.321207992267,77712,01c4c351-0109-2ecf-0024-4d4b0115d97a
C_clustered,Clustered,W2_group,BENCH_MATRIX_CLUSTERED,2945.6021670484915,77712,01c4c351-0109-2d46-0024-4d4b011658ae
C_clustered,Clustered,W2_group,BENCH_MATRIX_CLUSTERED,4401.590916968416,77712,01c4c351-0109-2ecf-0024-4d4b0115d97e
C_clustered,Clustered,W2_group,BENCH_MATRIX_CLUSTERED,11495.877832989208,77712,01c4c351-0109-2b76-0024-4d4b0116d1fa
C_clustered,Clustered,W2_group,BENCH_MATRIX_CLUSTERED,5408.520083001349,77712,01c4c351-0109-2ecf-0024-4d4b0115d9a2
C_clustered,Clustered,W2_group,BENCH_MATRIX_CLUSTERED,9824.073249998037,77712,01c4c351-0109-2ecf-0024-4d4b0115d9a6
C_clustered,Clustered,W2_group,BENCH_MATRIX_CLUSTERED,9947.849291027524,77712,01c4c351-0109-2d46-0024-4d4b011658b2
C_clustered,Clustered,W2_group,BENCH_MATRIX_CLUSTERED,3359.0714579913765,77712,01c4c351-0109-30c1-0024-4d4b0116a4a2
C_clustered,Clustered,W2_group,BENCH_MATRIX_CLUSTERED,3574.3392080185004,77712,01c4c351-0109-3060-0024-4d4b0116392e
C_clustered,Clustered,W2_group,BENCH_MATRIX_CLUSTERED,4014.379583997652,77712,01c4c351-0109-2d46-0024-4d4b011658b6
C_clustered,Clustered,W2_group,BENCH_MATRIX_CLUSTERED,8825.27095801197,77712,01c4c352-0109-2b76-0024-4d4b0116d1fe
C_clustered,Clustered,W2_group,BENCH_MATRIX_CLUSTERED,6107.0817920262925,77712,01c4c352-0109-2b76-0024-4d4b0116d202
C_clustered,Clustered,W2_group,BENCH_MATRIX_CLUSTERED,11555.60487502953,77712,01c4c352-0109-2b76-0024-4d4b0116d206
C_clustered,Clustered,W2_group,BENCH_MATRIX_CLUSTERED,7965.7110829721205,77712,01c4c352-0109-3060-0024-4d4b0116394e
C_clustered,Clustered,W2_group,BENCH_MATRIX_CLUSTERED,4926.346334046684,77712,01c4c352-0109-3060-0024-4d4b01163952
C_clustered,Clustered,W2_group,BENCH_MATRIX_CLUSTERED,7466.2790420115925,77712,01c4c352-0109-2b76-0024-4d4b0116d20e
C_clustered,Clustered,W2_group,BENCH_MATRIX_CLUSTERED,5082.719290978275,77712,01c4c352-0109-2ecf-0024-4d4b0115d9b2
C_clustered,Clustered,W2_group,BENCH_MATRIX_CLUSTERED,13038.151208020281,77712,01c4c352-0109-2ecf-0024-4d4b0115d9b6
C_clustered,Clustered,W2_group,BENCH_MATRIX_CLUSTERED,8159.07245897688,77712,01c4c353-0109-2ecf-0024-4d4b0115d9be
C_clustered,Clustered,W2_group,BENCH_MATRIX_CLUSTERED,7139.592792023905,77712,01c4c353-0109-2d46-0024-4d4b01165906
C_clustered,Clustered,W2_group,BENCH_MATRIX_CLUSTERED,12606.584916007705,77712,01c4c353-0109-30c1-0024-4d4b0116a4be
C_clustered,Clustered,W2_group,BENCH_MATRIX_CLUSTERED,10439.797708007973,77712,01c4c353-0109-2ecf-0024-4d4b0115d9c6
C_clustered,Clustered,W2_group,BENCH_MATRIX_CLUSTERED,10314.519417006522,77712,01c4c353-0109-2b76-0024-4d4b0116d216
C_clustered,Clustered,W2_group,BENCH_MATRIX_CLUSTERED,14267.630582966376,77712,01c4c353-0109-3060-0024-4d4b0116395a
C_clustered,Clustered,W2_group,BENCH_MATRIX_CLUSTERED,8269.0441669547,77712,01c4c354-0109-2ecf-0024-4d4b0115d9ca
C_clustered,Clustered,W2_group,BENCH_MATRIX_CLUSTERED,9947.160166979302,77712,01c4c354-0109-2b76-0024-4d4b0116d21a
C_clustered,Clustered,W2_group,BENCH_MATRIX_CLUSTERED,4620.449708949309,77712,01c4c354-0109-2b76-0024-4d4b0116d222
C_clustered,Clustered,W2_group,BENCH_MATRIX_CLUSTERED,11166.409583995119,77712,01c4c354-0109-3060-0024-4d4b01163976
C_clustered,Clustered,W2_group,BENCH_MATRIX_CLUSTERED,6425.942708039656,77712,01c4c354-0109-2d46-0024-4d4b01165996
C_clustered,Clustered,W2_group,BENCH_MATRIX_CLUSTERED,8394.71062499797,77712,01c4c354-0109-2b76-0024-4d4b0116d22a
C_clustered,Clustered,W2_group,BENCH_MATRIX_CLUSTERED,5187.769833020866,77712,01c4c354-0109-2b76-0024-4d4b0116d22e
C_clustered,Clustered,W2_group,BENCH_MATRIX_CLUSTERED,12395.924208045471,77712,01c4c355-0109-30c1-0024-4d4b0116a4c6
C_clustered,Clustered,W2_group,BENCH_MATRIX_CLUSTERED,5953.191250038799,77712,01c4c355-0109-3060-0024-4d4b0116397a
C_clustered,Clustered,W2_group,BENCH_MATRIX_CLUSTERED,11483.291084005032,77712,01c4c355-0109-30c1-0024-4d4b0116a4ce
C_clustered,Clustered,W2_group,BENCH_MATRIX_CLUSTERED,6990.1622089673765,77712,01c4c355-0109-2d46-0024-4d4b011659a2
C_clustered,Clustered,W2_group,BENCH_MATRIX_CLUSTERED,9668.779749947134,77712,01c4c355-0109-2d46-0024-4d4b011659a6
E_interactive,Interactive (Gen2),W1_point,BENCH_MATRIX_INTERACTIVE,317.9485420114361,1,01c4c358-0109-3060-0024-4d4b011639fa
E_interactive,Interactive (Gen2),W1_point,BENCH_MATRIX_INTERACTIVE,308.6796250427142,1,01c4c358-0109-2d46-0024-4d4b011659de
E_interactive,Interactive (Gen2),W1_point,BENCH_MATRIX_INTERACTIVE,317.46766599826515,1,01c4c358-0109-2d46-0024-4d4b011659e2
E_interactive,Interactive (Gen2),W1_point,BENCH_MATRIX_INTERACTIVE,267.47291698120534,1,01c4c358-0109-30c1-0024-4d4b0116a52a
E_interactive,Interactive (Gen2),W1_point,BENCH_MATRIX_INTERACTIVE,285.0541669758968,1,01c4c358-0109-2d46-0024-4d4b011659e6
E_interactive,Interactive (Gen2),W1_point,BENCH_MATRIX_INTERACTIVE,255.10279199806973,1,01c4c359-0109-30c1-0024-4d4b0116a52e
E_interactive,Interactive (Gen2),W1_point,BENCH_MATRIX_INTERACTIVE,360.52899999776855,1,01c4c359-0109-3060-0024-4d4b011639fe
E_interactive,Interactive (Gen2),W1_point,BENCH_MATRIX_INTERACTIVE,285.12199997203425,1,01c4c359-0109-2b76-0024-4d4b0116d29a
E_interactive,Interactive (Gen2),W1_point,BENCH_MATRIX_INTERACTIVE,299.1472079884261,1,01c4c359-0109-2d46-0024-4d4b011659ea
E_interactive,Interactive (Gen2),W1_point,BENCH_MATRIX_INTERACTIVE,330.35250002285466,1,01c4c359-0109-2d46-0024-4d4b011659ee
E_interactive,Interactive (Gen2),W1_point,BENCH_MATRIX_INTERACTIVE,735.1262919837609,1,01c4c359-0109-2ecf-0024-4d4b0115da02
E_interactive,Interactive (Gen2),W1_point,BENCH_MATRIX_INTERACTIVE,404.04495800612494,1,01c4c359-0109-30c1-0024-4d4b0116a532
E_interactive,Interactive (Gen2),W1_point,BENCH_MATRIX_INTERACTIVE,544.85108301742,1,01c4c359-0109-2d46-0024-4d4b011659f2
E_interactive,Interactive (Gen2),W1_point,BENCH_MATRIX_INTERACTIVE,380.5088750086725,1,01c4c359-0109-30c1-0024-4d4b0116a536
E_interactive,Interactive (Gen2),W1_point,BENCH_MATRIX_INTERACTIVE,271.25662501202896,1,01c4c359-0109-30c1-0024-4d4b0116a53a
E_interactive,Interactive (Gen2),W1_point,BENCH_MATRIX_INTERACTIVE,261.50229200720787,1,01c4c359-0109-30c1-0024-4d4b0116a53e
E_interactive,Interactive (Gen2),W1_point,BENCH_MATRIX_INTERACTIVE,285.57558299507946,1,01c4c359-0109-2d46-0024-4d4b011659f6
E_interactive,Interactive (Gen2),W1_point,BENCH_MATRIX_INTERACTIVE,318.2591660297476,1,01c4c359-0109-3060-0024-4d4b01163a02
E_interactive,Interactive (Gen2),W1_point,BENCH_MATRIX_INTERACTIVE,308.8375829975121,1,01c4c359-0109-2d46-0024-4d4b011659fa
E_interactive,Interactive (Gen2),W1_point,BENCH_MATRIX_INTERACTIVE,262.7786250086501,1,01c4c359-0109-2d46-0024-4d4b011659fe
E_interactive,Interactive (Gen2),W1_point,BENCH_MATRIX_INTERACTIVE,262.7010829746723,1,01c4c359-0109-3060-0024-4d4b01163a06
E_interactive,Interactive (Gen2),W1_point,BENCH_MATRIX_INTERACTIVE,269.128207990434,1,01c4c359-0109-30c1-0024-4d4b0116a542
E_interactive,Interactive (Gen2),W1_point,BENCH_MATRIX_INTERACTIVE,304.737041995395,1,01c4c359-0109-3060-0024-4d4b01163a0a
E_interactive,Interactive (Gen2),W1_point,BENCH_MATRIX_INTERACTIVE,255.63662499189377,1,01c4c359-0109-30c1-0024-4d4b0116a546
E_interactive,Interactive (Gen2),W1_point,BENCH_MATRIX_INTERACTIVE,288.6011669761501,1,01c4c359-0109-2ecf-0024-4d4b0115da06
E_interactive,Interactive (Gen2),W1_point,BENCH_MATRIX_INTERACTIVE,256.97099999524653,1,01c4c359-0109-3060-0024-4d4b01163a0e
E_interactive,Interactive (Gen2),W1_point,BENCH_MATRIX_INTERACTIVE,288.69120799936354,1,01c4c359-0109-3060-0024-4d4b01163a12
E_interactive,Interactive (Gen2),W1_point,BENCH_MATRIX_INTERACTIVE,298.47800004063174,1,01c4c359-0109-2d46-0024-4d4b01165a02
E_interactive,Interactive (Gen2),W1_point,BENCH_MATRIX_INTERACTIVE,269.3136250018142,1,01c4c359-0109-30c1-0024-4d4b0116a54a
E_interactive,Interactive (Gen2),W1_point,BENCH_MATRIX_INTERACTIVE,378.75841703498736,1,01c4c359-0109-2d46-0024-4d4b01165a06
E_interactive,Interactive (Gen2),W1_point,BENCH_MATRIX_INTERACTIVE,262.3161249794066,1,01c4c359-0109-30c1-0024-4d4b0116a54e
E_interactive,Interactive (Gen2),W1_point,BENCH_MATRIX_INTERACTIVE,320.2518330072053,1,01c4c359-0109-2d46-0024-4d4b01165a0a
E_interactive,Interactive (Gen2),W1_point,BENCH_MATRIX_INTERACTIVE,264.3284169607796,1,01c4c359-0109-3060-0024-4d4b01163a16
E_interactive,Interactive (Gen2),W1_point,BENCH_MATRIX_INTERACTIVE,271.0910839959979,1,01c4c359-0109-30c1-0024-4d4b0116a552
E_interactive,Interactive (Gen2),W1_point,BENCH_MATRIX_INTERACTIVE,274.7910000034608,1,01c4c359-0109-30c1-0024-4d4b0116a556
E_interactive,Interactive (Gen2),W1_point,BENCH_MATRIX_INTERACTIVE,291.58687498420477,1,01c4c359-0109-3060-0024-4d4b01163a1a
E_interactive,Interactive (Gen2),W1_point,BENCH_MATRIX_INTERACTIVE,338.2362920092419,1,01c4c359-0109-2b76-0024-4d4b0116d29e
E_interactive,Interactive (Gen2),W1_point,BENCH_MATRIX_INTERACTIVE,300.72666704654694,1,01c4c359-0109-2ecf-0024-4d4b0115da0a
E_interactive,Interactive (Gen2),W1_point,BENCH_MATRIX_INTERACTIVE,270.56491700932384,1,01c4c359-0109-2ecf-0024-4d4b0115da0e
E_interactive,Interactive (Gen2),W1_point,BENCH_MATRIX_INTERACTIVE,294.9754169676453,1,01c4c359-0109-30c1-0024-4d4b0116a55a
E_interactive,Interactive (Gen2),W1_point,BENCH_MATRIX_INTERACTIVE,361.2595419981517,1,01c4c359-0109-2d46-0024-4d4b01165a0e
E_interactive,Interactive (Gen2),W1_point,BENCH_MATRIX_INTERACTIVE,566.9208340113983,1,01c4c359-0109-3060-0024-4d4b01163a1e
E_interactive,Interactive (Gen2),W1_point,BENCH_MATRIX_INTERACTIVE,824.1780000389554,1,01c4c359-0109-2b76-0024-4d4b0116d2a2
E_interactive,Interactive (Gen2),W1_point,BENCH_MATRIX_INTERACTIVE,269.8543749866076,1,01c4c359-0109-30c1-0024-4d4b0116a566
E_interactive,Interactive (Gen2),W1_point,BENCH_MATRIX_INTERACTIVE,270.6167080323212,1,01c4c359-0109-30c1-0024-4d4b0116a56a
E_interactive,Interactive (Gen2),W1_point,BENCH_MATRIX_INTERACTIVE,1166.9912919751368,1,01c4c359-0109-307a-0024-4d4b0116e006
E_interactive,Interactive (Gen2),W1_point,BENCH_MATRIX_INTERACTIVE,288.7613750062883,1,01c4c359-0109-30c1-0024-4d4b0116a57e
E_interactive,Interactive (Gen2),W1_point,BENCH_MATRIX_INTERACTIVE,1023.1758750160225,1,01c4c359-0109-2f1c-0024-4d4b0116f006
E_interactive,Interactive (Gen2),W1_point,BENCH_MATRIX_INTERACTIVE,318.37533303769305,1,01c4c359-0109-2f1c-0024-4d4b0116f00a
E_interactive,Interactive (Gen2),W1_point,BENCH_MATRIX_INTERACTIVE,340.5480830115266,1,01c4c359-0109-307a-0024-4d4b0116e00a
E_interactive,Interactive (Gen2),W1_point,BENCH_MATRIX_INTERACTIVE,313.71429201681167,1,01c4c359-0109-307a-0024-4d4b0116e00e
E_interactive,Interactive (Gen2),W1_point,BENCH_MATRIX_INTERACTIVE,286.4081659936346,1,01c4c359-0109-307a-0024-4d4b0116e012
E_interactive,Interactive (Gen2),W1_point,BENCH_MATRIX_INTERACTIVE,957.923749985639,1,01c4c359-0109-2f1c-0024-4d4b0116f00e
E_interactive,Interactive (Gen2),W1_point,BENCH_MATRIX_INTERACTIVE,415.64270900562406,1,01c4c359-0109-307a-0024-4d4b0116e016
E_interactive,Interactive (Gen2),W1_point,BENCH_MATRIX_INTERACTIVE,321.52387499809265,1,01c4c359-0109-307a-0024-4d4b0116e01a
E_interactive,Interactive (Gen2),W1_point,BENCH_MATRIX_INTERACTIVE,271.43329201499,1,01c4c359-0109-2f1c-0024-4d4b0116f012
E_interactive,Interactive (Gen2),W1_point,BENCH_MATRIX_INTERACTIVE,274.2234999896027,1,01c4c359-0109-307a-0024-4d4b0116e01e
E_interactive,Interactive (Gen2),W1_point,BENCH_MATRIX_INTERACTIVE,280.1820000167936,1,01c4c359-0109-2f1c-0024-4d4b0116f016
E_interactive,Interactive (Gen2),W1_point,BENCH_MATRIX_INTERACTIVE,1004.4276660191827,1,01c4c359-0109-2f1c-0024-4d4b0116f01a
E_interactive,Interactive (Gen2),W1_point,BENCH_MATRIX_INTERACTIVE,296.4282080065459,1,01c4c359-0109-2f1c-0024-4d4b0116f01e
E_interactive,Interactive (Gen2),W1_point,BENCH_MATRIX_INTERACTIVE,508.95124999806285,1,01c4c359-0109-307a-0024-4d4b0116e022
E_interactive,Interactive (Gen2),W1_point,BENCH_MATRIX_INTERACTIVE,279.17966700624675,1,01c4c359-0109-2f1c-0024-4d4b0116f022
E_interactive,Interactive (Gen2),W1_point,BENCH_MATRIX_INTERACTIVE,535.198625002522,1,01c4c359-0109-2f1c-0024-4d4b0116f026
E_interactive,Interactive (Gen2),W1_point,BENCH_MATRIX_INTERACTIVE,302.6925830054097,1,01c4c359-0109-307a-0024-4d4b0116e026
E_interactive,Interactive (Gen2),W1_point,BENCH_MATRIX_INTERACTIVE,285.7126249582507,1,01c4c359-0109-307a-0024-4d4b0116e02a
E_interactive,Interactive (Gen2),W1_point,BENCH_MATRIX_INTERACTIVE,265.5424589756876,1,01c4c359-0109-307a-0024-4d4b0116e02e
E_interactive,Interactive (Gen2),W1_point,BENCH_MATRIX_INTERACTIVE,267.69700000295416,1,01c4c359-0109-307a-0024-4d4b0116e032
E_interactive,Interactive (Gen2),W1_point,BENCH_MATRIX_INTERACTIVE,334.2173750279471,1,01c4c359-0109-2f1c-0024-4d4b0116f02a
E_interactive,Interactive (Gen2),W1_point,BENCH_MATRIX_INTERACTIVE,303.05629200302064,1,01c4c359-0109-2f1c-0024-4d4b0116f02e
E_interactive,Interactive (Gen2),W1_point,BENCH_MATRIX_INTERACTIVE,295.8402920048684,1,01c4c359-0109-307a-0024-4d4b0116e036
E_interactive,Interactive (Gen2),W1_point,BENCH_MATRIX_INTERACTIVE,259.8698749789037,1,01c4c359-0109-307a-0024-4d4b0116e03a
E_interactive,Interactive (Gen2),W1_point,BENCH_MATRIX_INTERACTIVE,267.6119999960065,1,01c4c359-0109-2f1c-0024-4d4b0116f032
E_interactive,Interactive (Gen2),W1_point,BENCH_MATRIX_INTERACTIVE,290.89608299545944,1,01c4c359-0109-2f1c-0024-4d4b0116f036
E_interactive,Interactive (Gen2),W1_point,BENCH_MATRIX_INTERACTIVE,278.0922499950975,1,01c4c359-0109-2f1c-0024-4d4b0116f03a
E_interactive,Interactive (Gen2),W1_point,BENCH_MATRIX_INTERACTIVE,316.26062496798113,1,01c4c359-0109-307a-0024-4d4b0116e03e
E_interactive,Interactive (Gen2),W1_point,BENCH_MATRIX_INTERACTIVE,266.7061670217663,1,01c4c359-0109-307a-0024-4d4b0116e042
E_interactive,Interactive (Gen2),W1_point,BENCH_MATRIX_INTERACTIVE,775.9756669984199,1,01c4c359-0109-2f1c-0024-4d4b0116f03e
E_interactive,Interactive (Gen2),W1_point,BENCH_MATRIX_INTERACTIVE,254.17633401229978,1,01c4c359-0109-307a-0024-4d4b0116e046
E_interactive,Interactive (Gen2),W1_point,BENCH_MATRIX_INTERACTIVE,291.7900829925202,1,01c4c359-0109-2f1c-0024-4d4b0116f042
E_interactive,Interactive (Gen2),W1_point,BENCH_MATRIX_INTERACTIVE,268.98916700156406,1,01c4c359-0109-307a-0024-4d4b0116e04a
E_interactive,Interactive (Gen2),W1_point,BENCH_MATRIX_INTERACTIVE,404.6654590056278,1,01c4c359-0109-307a-0024-4d4b0116e04e
E_interactive,Interactive (Gen2),W1_point,BENCH_MATRIX_INTERACTIVE,264.70116700511426,1,01c4c359-0109-307a-0024-4d4b0116e052
E_interactive,Interactive (Gen2),W1_point,BENCH_MATRIX_INTERACTIVE,266.15012501133606,1,01c4c359-0109-2f1c-0024-4d4b0116f046
E_interactive,Interactive (Gen2),W1_point,BENCH_MATRIX_INTERACTIVE,265.555374964606,1,01c4c359-0109-307a-0024-4d4b0116e056
E_interactive,Interactive (Gen2),W1_point,BENCH_MATRIX_INTERACTIVE,335.6471249717288,1,01c4c359-0109-307a-0024-4d4b0116e05a
E_interactive,Interactive (Gen2),W1_point,BENCH_MATRIX_INTERACTIVE,302.76095803128555,1,01c4c359-0109-2f1c-0024-4d4b0116f04a
E_interactive,Interactive (Gen2),W1_point,BENCH_MATRIX_INTERACTIVE,287.62895899126306,1,01c4c359-0109-307a-0024-4d4b0116e05e
E_interactive,Interactive (Gen2),W1_point,BENCH_MATRIX_INTERACTIVE,306.7074580467306,1,01c4c359-0109-2f1c-0024-4d4b0116f04e
E_interactive,Interactive (Gen2),W1_point,BENCH_MATRIX_INTERACTIVE,299.29950000951067,1,01c4c359-0109-2f1c-0024-4d4b0116f052
E_interactive,Interactive (Gen2),W1_point,BENCH_MATRIX_INTERACTIVE,835.2550840354525,1,01c4c359-0109-307a-0024-4d4b0116e062
E_interactive,Interactive (Gen2),W1_point,BENCH_MATRIX_INTERACTIVE,322.19966599950567,1,01c4c359-0109-2f1c-0024-4d4b0116f056
E_interactive,Interactive (Gen2),W1_point,BENCH_MATRIX_INTERACTIVE,270.33837500493973,1,01c4c359-0109-2f1c-0024-4d4b0116f05a
E_interactive,Interactive (Gen2),W1_point,BENCH_MATRIX_INTERACTIVE,280.7884169742465,1,01c4c359-0109-307a-0024-4d4b0116e066
E_interactive,Interactive (Gen2),W1_point,BENCH_MATRIX_INTERACTIVE,263.9845000230707,1,01c4c359-0109-2f1c-0024-4d4b0116f05e
E_interactive,Interactive (Gen2),W1_point,BENCH_MATRIX_INTERACTIVE,289.47625000728294,1,01c4c359-0109-307a-0024-4d4b0116e06a
E_interactive,Interactive (Gen2),W1_point,BENCH_MATRIX_INTERACTIVE,269.5044170250185,1,01c4c359-0109-307a-0024-4d4b0116e06e
E_interactive,Interactive (Gen2),W1_point,BENCH_MATRIX_INTERACTIVE,288.0874589900486,1,01c4c359-0109-2f1c-0024-4d4b0116f062
E_interactive,Interactive (Gen2),W1_point,BENCH_MATRIX_INTERACTIVE,282.188540964853,1,01c4c359-0109-307a-0024-4d4b0116e072
E_interactive,Interactive (Gen2),W1_point,BENCH_MATRIX_INTERACTIVE,286.0069579910487,1,01c4c359-0109-2f1c-0024-4d4b0116f066
E_interactive,Interactive (Gen2),W1_point,BENCH_MATRIX_INTERACTIVE,261.84883300447837,1,01c4c359-0109-2f1c-0024-4d4b0116f06a
E_interactive,Interactive (Gen2),W1_point,BENCH_MATRIX_INTERACTIVE,402.85266702994704,1,01c4c359-0109-307a-0024-4d4b0116e076
E_interactive,Interactive (Gen2),W1_point,BENCH_MATRIX_INTERACTIVE,274.1740830242634,1,01c4c359-0109-2f1c-0024-4d4b0116f06e
E_interactive,Interactive (Gen2),W1_point,BENCH_MATRIX_INTERACTIVE,293.23354101506993,1,01c4c359-0109-307a-0024-4d4b0116e07a
E_interactive,Interactive (Gen2),W1_point,BENCH_MATRIX_INTERACTIVE,278.00304198171943,1,01c4c359-0109-2f1c-0024-4d4b0116f072
E_interactive,Interactive (Gen2),W1_point,BENCH_MATRIX_INTERACTIVE,290.15204100869596,1,01c4c359-0109-307a-0024-4d4b0116e07e
E_interactive,Interactive (Gen2),W1_point,BENCH_MATRIX_INTERACTIVE,280.2582500153221,1,01c4c359-0109-2f1c-0024-4d4b0116f076
E_interactive,Interactive (Gen2),W1_point,BENCH_MATRIX_INTERACTIVE,313.02504194900393,1,01c4c359-0109-2f1c-0024-4d4b0116f07a
E_interactive,Interactive (Gen2),W1_point,BENCH_MATRIX_INTERACTIVE,290.3412920422852,1,01c4c359-0109-307a-0024-4d4b0116e082
E_interactive,Interactive (Gen2),W1_point,BENCH_MATRIX_INTERACTIVE,273.8365840050392,1,01c4c359-0109-307a-0024-4d4b0116e086
E_interactive,Interactive (Gen2),W1_point,BENCH_MATRIX_INTERACTIVE,303.0172919970937,1,01c4c359-0109-307a-0024-4d4b0116e08a
E_interactive,Interactive (Gen2),W1_point,BENCH_MATRIX_INTERACTIVE,320.5947920214385,1,01c4c359-0109-2f1c-0024-4d4b0116f07e
E_interactive,Interactive (Gen2),W1_point,BENCH_MATRIX_INTERACTIVE,288.7518329662271,1,01c4c359-0109-307a-0024-4d4b0116e08e
E_interactive,Interactive (Gen2),W1_point,BENCH_MATRIX_INTERACTIVE,515.2189579675905,1,01c4c359-0109-2f1c-0024-4d4b0116f082
E_interactive,Interactive (Gen2),W1_point,BENCH_MATRIX_INTERACTIVE,875.9174579754472,1,01c4c359-0109-2f1c-0024-4d4b0116f086
E_interactive,Interactive (Gen2),W1_point,BENCH_MATRIX_INTERACTIVE,282.45520795462653,1,01c4c359-0109-2f1c-0024-4d4b0116f08a
E_interactive,Interactive (Gen2),W1_point,BENCH_MATRIX_INTERACTIVE,267.46587501838803,1,01c4c359-0109-307a-0024-4d4b0116e092
E_interactive,Interactive (Gen2),W1_point,BENCH_MATRIX_INTERACTIVE,266.7919169762172,1,01c4c359-0109-307a-0024-4d4b0116e096
E_interactive,Interactive (Gen2),W1_point,BENCH_MATRIX_INTERACTIVE,264.295166998636,1,01c4c359-0109-2f1c-0024-4d4b0116f08e
E_interactive,Interactive (Gen2),W1_point,BENCH_MATRIX_INTERACTIVE,277.79745898442343,1,01c4c359-0109-2f1c-0024-4d4b0116f092
E_interactive,Interactive (Gen2),W1_point,BENCH_MATRIX_INTERACTIVE,280.50533396890387,1,01c4c359-0109-307a-0024-4d4b0116e09a
E_interactive,Interactive (Gen2),W1_point,BENCH_MATRIX_INTERACTIVE,303.75970795284957,1,01c4c359-0109-307a-0024-4d4b0116e09e
E_interactive,Interactive (Gen2),W1_point,BENCH_MATRIX_INTERACTIVE,258.5993330576457,1,01c4c359-0109-307a-0024-4d4b0116e0a2
E_interactive,Interactive (Gen2),W1_point,BENCH_MATRIX_INTERACTIVE,264.5659170229919,1,01c4c359-0109-2f1c-0024-4d4b0116f096
E_interactive,Interactive (Gen2),W1_point,BENCH_MATRIX_INTERACTIVE,268.0982079473324,1,01c4c359-0109-2f1c-0024-4d4b0116f09a
E_interactive,Interactive (Gen2),W1_point,BENCH_MATRIX_INTERACTIVE,421.3010839885101,1,01c4c359-0109-307a-0024-4d4b0116e0a6
E_interactive,Interactive (Gen2),W1_point,BENCH_MATRIX_INTERACTIVE,320.9529579617083,1,01c4c359-0109-307a-0024-4d4b0116e0aa
E_interactive,Interactive (Gen2),W1_point,BENCH_MATRIX_INTERACTIVE,271.1488339700736,1,01c4c359-0109-2f1c-0024-4d4b0116f09e
E_interactive,Interactive (Gen2),W1_point,BENCH_MATRIX_INTERACTIVE,259.75849997485057,1,01c4c359-0109-2f1c-0024-4d4b0116f0a2
E_interactive,Interactive (Gen2),W1_point,BENCH_MATRIX_INTERACTIVE,271.3256669812836,1,01c4c359-0109-307a-0024-4d4b0116e0ae
E_interactive,Interactive (Gen2),W1_point,BENCH_MATRIX_INTERACTIVE,254.19729197164997,1,01c4c359-0109-2f1c-0024-4d4b0116f0a6
E_interactive,Interactive (Gen2),W1_point,BENCH_MATRIX_INTERACTIVE,270.5703329993412,1,01c4c359-0109-307a-0024-4d4b0116e0b2
E_interactive,Interactive (Gen2),W1_point,BENCH_MATRIX_INTERACTIVE,284.4360830495134,1,01c4c359-0109-2f1c-0024-4d4b0116f0aa
E_interactive,Interactive (Gen2),W1_point,BENCH_MATRIX_INTERACTIVE,311.9940830511041,1,01c4c359-0109-307a-0024-4d4b0116e0b6
E_interactive,Interactive (Gen2),W1_point,BENCH_MATRIX_INTERACTIVE,255.49016695003957,1,01c4c359-0109-307a-0024-4d4b0116e0ba
E_interactive,Interactive (Gen2),W1_point,BENCH_MATRIX_INTERACTIVE,248.12841700622812,1,01c4c359-0109-307a-0024-4d4b0116e0be
E_interactive,Interactive (Gen2),W1_point,BENCH_MATRIX_INTERACTIVE,253.56124999234453,1,01c4c359-0109-2f1c-0024-4d4b0116f0ae
E_interactive,Interactive (Gen2),W1_point,BENCH_MATRIX_INTERACTIVE,282.15983300469816,1,01c4c359-0109-307a-0024-4d4b0116e0c2
E_interactive,Interactive (Gen2),W1_point,BENCH_MATRIX_INTERACTIVE,238.1374589749612,1,01c4c359-0109-307a-0024-4d4b0116e0c6
E_interactive,Interactive (Gen2),W1_point,BENCH_MATRIX_INTERACTIVE,245.11183303548023,1,01c4c359-0109-2f1c-0024-4d4b0116f0b2
E_interactive,Interactive (Gen2),W1_point,BENCH_MATRIX_INTERACTIVE,260.94087498495355,1,01c4c359-0109-2f1c-0024-4d4b0116f0b6
E_interactive,Interactive (Gen2),W1_point,BENCH_MATRIX_INTERACTIVE,1293.4506249730475,1,01c4c359-0109-2f1c-0024-4d4b0116f0ba
E_interactive,Interactive (Gen2),W1_point,BENCH_MATRIX_INTERACTIVE,444.66516602551565,1,01c4c359-0109-2f1c-0024-4d4b0116f0be
E_interactive,Interactive (Gen2),W1_point,BENCH_MATRIX_INTERACTIVE,257.4845000053756,1,01c4c359-0109-307a-0024-4d4b0116e0ca
E_interactive,Interactive (Gen2),W1_point,BENCH_MATRIX_INTERACTIVE,268.4117500321008,1,01c4c359-0109-307a-0024-4d4b0116e0ce
E_interactive,Interactive (Gen2),W1_point,BENCH_MATRIX_INTERACTIVE,264.2642499995418,1,01c4c359-0109-307a-0024-4d4b0116e0d2
E_interactive,Interactive (Gen2),W1_point,BENCH_MATRIX_INTERACTIVE,276.88424999359995,1,01c4c359-0109-2f1c-0024-4d4b0116f0c2
E_interactive,Interactive (Gen2),W1_point,BENCH_MATRIX_INTERACTIVE,267.71216600900516,1,01c4c359-0109-2f1c-0024-4d4b0116f0c6
E_interactive,Interactive (Gen2),W1_point,BENCH_MATRIX_INTERACTIVE,245.46208401443437,1,01c4c359-0109-307a-0024-4d4b0116e0d6
E_interactive,Interactive (Gen2),W1_point,BENCH_MATRIX_INTERACTIVE,260.7868339982815,1,01c4c359-0109-2f1c-0024-4d4b0116f0ca
E_interactive,Interactive (Gen2),W1_point,BENCH_MATRIX_INTERACTIVE,260.3403750108555,1,01c4c359-0109-2f1c-0024-4d4b0116f0ce
E_interactive,Interactive (Gen2),W2_group,BENCH_MATRIX_INTERACTIVE,7728.411749994848,77712,01c4c35a-0109-307a-0024-4d4b0116e0ee
E_interactive,Interactive (Gen2),W2_group,BENCH_MATRIX_INTERACTIVE,4551.535167032853,77712,01c4c35a-0109-307a-0024-4d4b0116e0f2
E_interactive,Interactive (Gen2),W2_group,BENCH_MATRIX_INTERACTIVE,2192.1184579841793,77712,01c4c35a-0109-307a-0024-4d4b0116e0f6
E_interactive,Interactive (Gen2),W2_group,BENCH_MATRIX_INTERACTIVE,2110.962375008967,77712,01c4c35a-0109-2f1c-0024-4d4b0116f0e6
E_interactive,Interactive (Gen2),W2_group,BENCH_MATRIX_INTERACTIVE,2105.161292012781,77712,01c4c35a-0109-2f1c-0024-4d4b0116f0ea
E_interactive,Interactive (Gen2),W2_group,BENCH_MATRIX_INTERACTIVE,2300.312875013333,77712,01c4c35a-0109-2f1c-0024-4d4b0116f0ee
E_interactive,Interactive (Gen2),W2_group,BENCH_MATRIX_INTERACTIVE,2729.4351250166073,77712,01c4c35b-0109-307a-0024-4d4b0116e0fa
E_interactive,Interactive (Gen2),W2_group,BENCH_MATRIX_INTERACTIVE,4697.848082985729,77712,01c4c35b-0109-2f1c-0024-4d4b0116f0f2
E_interactive,Interactive (Gen2),W2_group,BENCH_MATRIX_INTERACTIVE,2704.187707975507,77712,01c4c35b-0109-2f1c-0024-4d4b0116f0f6
E_interactive,Interactive (Gen2),W2_group,BENCH_MATRIX_INTERACTIVE,4393.0685829836875,77712,01c4c35b-0109-2f1c-0024-4d4b0116f0fa
E_interactive,Interactive (Gen2),W2_group,BENCH_MATRIX_INTERACTIVE,3514.6010410389863,77712,01c4c35b-0109-2f1c-0024-4d4b0116f0fe
E_interactive,Interactive (Gen2),W2_group,BENCH_MATRIX_INTERACTIVE,4665.873207966797,77712,01c4c35b-0109-307a-0024-4d4b0116e0fe
E_interactive,Interactive (Gen2),W2_group,BENCH_MATRIX_INTERACTIVE,4086.338875000365,77712,01c4c35b-0109-307a-0024-4d4b0116e102
E_interactive,Interactive (Gen2),W2_group,BENCH_MATRIX_INTERACTIVE,4490.281832986511,77712,01c4c35b-0109-307a-0024-4d4b0116e106
E_interactive,Interactive (Gen2),W2_group,BENCH_MATRIX_INTERACTIVE,4544.357499980833,77712,01c4c35b-0109-307a-0024-4d4b0116e10a
E_interactive,Interactive (Gen2),W2_group,BENCH_MATRIX_INTERACTIVE,38425.14554102672,77712,01c4c35b-0109-2f1c-0024-4d4b0116f102
E_interactive,Interactive (Gen2),W2_group,BENCH_MATRIX_INTERACTIVE,46265.27229096973,77712,01c4c3a4-0109-2f01-0024-4d4b0116b50e
E_interactive,Interactive (Gen2),W2_group,BENCH_MATRIX_INTERACTIVE,2489.371375006158,77712,01c4c3a4-0109-30c1-0024-4d4b0116a916
E_interactive,Interactive (Gen2),W2_group,BENCH_MATRIX_INTERACTIVE,1632.5650000362657,77712,01c4c3a4-0109-2b76-0024-4d4b0116d792
E_interactive,Interactive (Gen2),W2_group,BENCH_MATRIX_INTERACTIVE,2945.4788339789957,77712,01c4c3a4-0109-2b76-0024-4d4b0116d796
E_interactive,Interactive (Gen2),W2_group,BENCH_MATRIX_INTERACTIVE,3138.1600000313483,77712,01c4c3a4-0109-2f01-0024-4d4b0116b512
E_interactive,Interactive (Gen2),W2_group,BENCH_MATRIX_INTERACTIVE,2141.568124992773,77712,01c4c3a4-0109-2ecf-0024-4d4b0115ddf6
E_interactive,Interactive (Gen2),W2_group,BENCH_MATRIX_INTERACTIVE,1802.0206250366755,77712,01c4c3a4-0109-2ecf-0024-4d4b0115ddfa
E_interactive,Interactive (Gen2),W2_group,BENCH_MATRIX_INTERACTIVE,2177.127166010905,77712,01c4c3a4-0109-2d46-0024-4d4b01165f5a
E_interactive,Interactive (Gen2),W2_group,BENCH_MATRIX_INTERACTIVE,2111.5430000354536,77712,01c4c3a5-0109-30c1-0024-4d4b0116a91a
E_interactive,Interactive (Gen2),W2_group,BENCH_MATRIX_INTERACTIVE,1883.281457994599,77712,01c4c3a5-0109-30c1-0024-4d4b0116a91e
E_interactive,Interactive (Gen2),W2_group,BENCH_MATRIX_INTERACTIVE,2071.4851670200005,77712,01c4c3a5-0109-30c1-0024-4d4b0116a926
E_interactive,Interactive (Gen2),W2_group,BENCH_MATRIX_INTERACTIVE,1796.6572500299662,77712,01c4c3a5-0109-2b76-0024-4d4b0116d7a2
E_interactive,Interactive (Gen2),W2_group,BENCH_MATRIX_INTERACTIVE,2194.219792028889,77712,01c4c3a5-0109-2f01-0024-4d4b0116b516
E_interactive,Interactive (Gen2),W2_group,BENCH_MATRIX_INTERACTIVE,2673.4712500474416,77712,01c4c3a5-0109-2d46-0024-4d4b01165f62
E_interactive,Interactive (Gen2),W2_group,BENCH_MATRIX_INTERACTIVE,64537.398125045,77712,01c4c3a5-0109-2ecf-0024-4d4b0115ddfe
E_interactive,Interactive (Gen2),W2_group,BENCH_MATRIX_INTERACTIVE,2533.0004160059616,77712,01c4c3c4-0109-3150-0024-4d4b0117b006
E_interactive,Interactive (Gen2),W2_group,BENCH_MATRIX_INTERACTIVE,1817.3565000179224,77712,01c4c3c4-0109-307a-0024-4d4b0116e10e
E_interactive,Interactive (Gen2),W2_group,BENCH_MATRIX_INTERACTIVE,1892.8964580409229,77712,01c4c3c4-0109-307a-0024-4d4b0116e112
E_interactive,Interactive (Gen2),W2_group,BENCH_MATRIX_INTERACTIVE,2609.151250042487,77712,01c4c3c4-0109-3150-0024-4d4b0117b00a
E_interactive,Interactive (Gen2),W2_group,BENCH_MATRIX_INTERACTIVE,2731.177417037543,77712,01c4c3c4-0109-3150-0024-4d4b0117b00e
E_interactive,Interactive (Gen2),W2_group,BENCH_MATRIX_INTERACTIVE,1704.7152500017546,77712,01c4c3c4-0109-307a-0024-4d4b0116e116
E_interactive,Interactive (Gen2),W2_group,BENCH_MATRIX_INTERACTIVE,2498.2765419990756,77712,01c4c3c4-0109-307a-0024-4d4b0116e11a
E_interactive,Interactive (Gen2),W2_group,BENCH_MATRIX_INTERACTIVE,1607.0090410066769,77712,01c4c3c4-0109-307a-0024-4d4b0116e11e
E_interactive,Interactive (Gen2),W2_group,BENCH_MATRIX_INTERACTIVE,1648.6037909635343,77712,01c4c3c4-0109-307a-0024-4d4b0116e122
